{
  "version": 1,
  "author": "KISHOR THORAT",
  "editor": "wokwi",
  "parts": [
    { "type": "board-esp32-devkit-c-v4", "id": "esp", "top": 0, "left": 0, "attrs": {} },
    {
      "type": "wokwi-dht22",
      "id": "dht1",
      "top": -297.3,
      "left": -178.2,
      "attrs": { "temperature": "29.9", "humidity": "100" }
    },
    {
      "type": "wokwi-photoresistor-sensor",
      "id": "ldr1",
      "top": 348.8,
      "left": -18.4,
      "attrs": {}
    },
    {
      "type": "wokwi-resistor",
      "id": "r2",
      "top": -485.65,
      "left": -518.4,
      "attrs": { "value": "1000" }
    },
    {
      "type": "wokwi-lcd1602",
      "id": "lcd1",
      "top": -252.8,
      "left": 284,
      "attrs": { "pins": "i2c" }
    }
  ],
  "connections": [
    [ "esp:TX", "$serialMonitor:RX", "", [] ],
    [ "esp:RX", "$serialMonitor:TX", "", [] ],
    [ "dht1:VCC", "esp:3V3", "red", [ "v0" ] ],
    [ "dht1:GND", "esp:GND.2", "black", [ "v144", "h201.6", "v19.2" ] ],
    [ "esp:22", "lcd1:SCL", "green", [ "h52.84", "v-259.2" ] ],
    [ "lcd1:GND", "esp:GND.2", "black", [ "h0" ] ],
    [ "dht1:SDA", "esp:D3", "green", [ "v192", "h0.1", "v172.8" ] ],
    [ "esp:34", "ldr1:AO", "green", [ "h-81.41", "v230.4", "h499.2", "v-144" ] ],
    [ "lcd1:VCC", "esp:5V", "red", [ "h-48", "v451.3", "h-96" ] ],
    [ "esp:5V", "ldr1:VCC", "red", [ "h-4.61", "v76.8", "h192", "v86.4" ] ],
    [ "lcd1:SDA", "esp:21", "green", [ "h-124.8", "v125" ] ],
    [ "ldr1:GND", "esp:GND.3", "black", [ "h57.6", "v-221.2" ] ]
  ],
  "dependencies": {}
}